N,P,K,temperature,humidity,ph,rainfall,label
90,42,43,20.87974371,82.00274423,6.502985292000001,202.9355362,rice
85,58,41,21.77046169,80.31964408,7.038096361,226.6555374,rice
60,55,44,23.00445915,82.3207629,7.840207144,263.9642476,rice
74,35,40,26.49109635,80.15836264,6.980400905,242.8640342,rice
78,42,42,20.13017482,81.60487287,7.628472891,262.7173405,rice
69,37,42,23.05804872,83.37011772,7.073453503,251.0549998,rice
69,55,38,22.70883798,82.63941394,5.70080568,271.3248604,rice
94,53,40,20.27774362,82.89408619,5.718627177999999,241.9741949,rice
89,54,38,24.51588066,83.53521629999999,6.685346424,230.4462359,rice
68,58,38,23.22397386,83.03322691,6.336253525,221.2091958,rice
91,53,40,26.52723513,81.41753846,5.386167788,264.6148697,rice
90,46,42,23.97898217,81.45061596,7.50283396,250.0832336,rice
78,58,44,26.80079604,80.88684822,5.108681786,284.4364567,rice
93,56,36,24.01497622,82.05687182,6.98435366,185.2773389,rice
94,50,37,25.66585205,80.66385045,6.94801983,209.5869708,rice
60,48,39,24.28209415,80.30025587,7.0422990689999985,231.0863347,rice
85,38,41,21.58711777,82.7883708,6.2490506560000005,276.65524589999995,rice
91,35,39,23.79391957,80.41817957,6.970859754,206.2611855,rice
77,38,36,21.8652524,80.1923008,5.953933276,224.55501690000003,rice
88,35,40,23.57943626,83.58760316,5.85393208,291.2986618000001,rice
89,45,36,21.32504158,80.47476396,6.442475375,185.4974732,rice
76,40,43,25.15745531,83.11713476,5.070175667,231.3843163,rice
67,59,41,21.94766735,80.97384195,6.012632591,213.3560921,rice
83,41,43,21.0525355,82.67839517,6.254028451,233.1075816,rice
98,47,37,23.48381344,81.33265073,7.375482851,224.0581164,rice
66,53,41,25.0756354,80.52389148,7.778915154,257.0038865,rice
97,59,43,26.35927159,84.04403589,6.2865001760000006,271.35861370000003,rice
97,50,41,24.52922681,80.54498576,7.070959995,260.2634026,rice
60,49,44,20.77576147,84.49774397,6.244841491,240.0810647,rice
84,51,35,22.30157427,80.64416466,6.043304899,197.9791215,rice
73,57,41,21.44653958,84.94375962,5.824709117,272.2017204,rice
92,35,40,22.17931888,80.33127223,6.3573893660000005,200.0882787,rice
85,37,39,24.52783742,82.73685569,6.364134967999999,224.67572310000003,rice
98,53,38,20.26707606,81.63895217,5.01450727,270.4417274,rice
88,54,44,25.7354293,83.88266234,6.149410611,233.1321372,rice
95,55,42,26.79533926,82.1480873,5.950660556,193.3473987,rice
99,57,35,26.75754171,81.17734011,5.960370061,272.29990560000005,rice
95,39,36,23.86330467,83.15250801,5.561398642,285.2493645,rice
60,43,44,21.01944696,82.95221726,7.416245107000001,298.40184710000005,rice
63,44,41,24.17298839,83.7287574,5.583370042,257.0343554,rice
62,42,36,22.78133816,82.06719137,6.430010215,248.7183228,rice
64,45,43,25.62980105,83.52842314,5.534878156,209.9001977,rice
83,60,36,25.59704938,80.14509262,6.903985986,200.834898,rice
82,40,40,23.83067496,84.81360127,6.271478837999999,298.5601175,rice
85,52,45,26.31355498,82.36698992,7.224285503,265.5355937,rice
91,35,38,24.8972823,80.52586088,6.13428721,183.6793207,rice
76,49,42,24.958779,84.47963372,5.206373153,196.95600080000003,rice
74,39,38,23.24113501,84.59201843,7.782051312999999,233.0453455,rice
79,43,39,21.66628296,80.70960551,7.062779015,210.8142087,rice
88,55,45,24.63544858,80.41363018,7.730367824,253.7202781,rice
60,36,43,23.43121862,83.06310136,5.286203711000001,219.9048349,rice
76,60,39,20.0454142,80.3477562,6.766240045,208.5810155,rice
93,56,42,23.85724032,82.22572988,7.382762603,195.0948311,rice
65,60,43,21.97199397,81.89918197,5.658169482000001,227.3637009,rice
95,52,36,26.22916897,83.83625819,5.543360237999999,286.5083725,rice
75,38,39,23.44676801,84.79352417,6.215109715,283.9338466,rice
74,54,38,25.65553461,83.47021081,7.120272972,217.3788583,rice
91,36,45,24.44345477,82.45432595,5.950647577000001,267.97619480000003,rice
71,46,40,20.2801937,82.1235421,7.236705436,191.9535738,rice
99,55,35,21.7238313,80.2389895,6.501697816,277.9626192,rice
72,40,38,20.41447029,82.20802629,7.592490617,245.1511304,rice
83,58,45,25.75528612,83.51827127,5.875345751,245.6626799,rice
93,58,38,20.61521424,83.77345559,6.932400225,279.5451717,rice
70,36,42,21.84106875,80.72886384,6.9462098810000015,202.3838319,rice
76,47,42,20.08369642,83.29114712,5.739175027000001,263.6372176,rice
99,41,36,24.45802087,82.74835604,6.738652179,182.5616319,rice
99,54,37,21.14347496,80.33502926,5.5948196260000005,198.6730942,rice
86,59,35,25.78720567,82.11124033,6.946636369,243.5120414,rice
69,46,41,23.64124821,80.28597873,5.012139669,263.1103304,rice
91,56,37,23.43191632,80.56887849,6.363472207999999,269.5039162,rice
61,52,41,24.97669518,83.891805,6.880431223,204.8001847,rice
67,45,38,22.72791041,82.17068809999998,7.300410836,260.8875056,rice
79,42,37,24.87300744,82.84022551,6.587918707999999,295.6094492000001,rice
78,43,42,21.32376327,83.00320459,7.283736617000001,192.3197536,rice
75,54,36,26.29465461,84.56919326,7.023936392,257.4914906,rice
97,36,45,22.2286982,81.85872947,6.939083505,278.0791793,rice
67,47,44,26.73072391,81.78596776,7.868474653,280.4044392,rice
73,35,38,24.88921174,81.97927117,5.005306977,185.9461429,rice
77,36,37,26.88444878,81.46033732,6.136131869,194.5766559,rice
81,41,38,22.67846116,83.72874389,7.5240800760000015,200.9133156,rice
68,57,43,26.08867875,80.37979919,5.706943251,182.9043504,rice
72,45,35,25.42977518,82.94682591,5.758506323,195.3574542,rice
61,53,43,26.40323239,81.05635517,6.349606327,223.3671883,rice
67,43,39,26.04371967,84.96907151,5.9999690260000005,186.7536773,rice
67,58,39,25.2827223,80.54372813,5.453592032,220.1156708,rice
66,60,38,22.08576562,83.47038318,6.372576327000001,231.7364957,rice
82,43,38,23.28617173,81.43321641,5.105588355,242.3170629,rice
84,50,44,25.48591986,81.40633547,5.9353444060000005,182.6549356,rice
81,53,42,23.67575393,81.03569343,5.17782304,233.7034975,rice
91,50,40,20.82477109,84.1341879,6.462391607000001,230.22422230000004,rice
93,53,38,26.92995077,81.91411159,7.069172227,290.67937830000005,rice
90,44,38,23.83509503,83.88387074,7.473134377,241.20135130000003,rice
81,45,35,26.52872817,80.12267476,6.158376967000001,218.9163567,rice
78,40,38,26.46428311,83.85642678,7.549873681,248.2256491,rice
60,51,36,22.69657794,82.81088865,6.028321557999999,256.9964761,rice
88,46,42,22.68319059,83.46358271,6.604993475,194.2651719,rice
93,47,37,21.53346343,82.14004101,6.500343222000001,295.9248796,rice
60,55,45,21.40865769,83.32931909999998,5.935745417000001,287.5766935000001,rice
78,35,44,26.54348085,84.67353597,7.072655622,183.6222657,rice
65,37,40,23.35905428,83.59512273,5.333322606,188.413665,rice
71,54,16,22.61359953,63.69070564,5.7499144210000015,87.75953857,maize
61,44,17,26.10018422,71.57476937,6.931756557999999,102.2662445,maize
80,43,16,23.55882094,71.59351368,6.657964753,66.71995467,maize
73,58,21,19.97215954,57.68272924,6.596060648,60.65171481,maize
61,38,20,18.47891261,62.69503871,5.970458434,65.43835393,maize
68,41,16,21.77689322,57.80840636,6.158830619,102.0861694,maize
93,41,17,25.6217169,66.50415474,6.047906679,105.4654703,maize
89,60,19,25.19192419,66.69029010000001,5.913664501,78.06639649,maize
76,44,17,20.41683147,62.55424820000001,5.855442401,65.27798457,maize
67,60,25,24.92162194,66.78627406,5.750254943,109.2162279,maize
70,44,19,23.31689124,73.4541537,5.852607099,94.29712821,maize
90,49,21,24.84016732,68.3584573,6.4725232870000005,74.05474936,maize
62,52,16,22.27526694,58.84015925,6.9670577620000005,63.87020584,maize
92,44,16,18.87751445,65.76816093,6.082973754,94.76189431,maize
66,54,21,25.19008683,60.200168700000006,5.919045532,72.12375573,maize
63,58,22,18.25405352,55.28220433,6.204747652999999,63.72358154,maize
70,47,17,24.612911800000006,70.4162444,6.600827017,104.1626147,maize
61,41,17,25.1420613,65.26185135,6.021902237000001,76.68456006,maize
66,53,19,23.09348056,60.11593810000001,6.033550195,65.49730729,maize
74,55,19,18.05033737,62.89366992,6.28886807,84.23613484,maize
77,57,21,24.9321581,73.80435276,6.550563822999999,79.74078719,maize
99,50,15,18.14710054,71.09445342,5.573286437,88.07753741,maize
74,56,22,18.28362235,66.65952796,6.829199275,80.97573281,maize
83,45,21,18.83344471,58.75082029,5.716222912,79.75328959999999,maize
100,48,16,25.71895816,67.22190688,5.54990242,74.51490791,maize
79,51,16,25.33797709,68.49835977,6.586244581,96.46380213,maize
94,39,18,23.89114571,57.48775781,5.893093135,102.8301942,maize
75,49,15,21.53574127,71.50905983,5.918263801,102.4852929,maize
78,48,22,23.08974909,63.10459626,5.588650585,70.43473609,maize
87,54,20,25.61707368,63.4711755,6.576418207000001,108.8303762,maize
87,35,25,21.44526922,63.1621551,6.178056304,65.88951188,maize
63,43,19,18.51816776,55.53128131,6.641906353,90.988051,maize
84,57,25,22.53510514,67.99257471,6.489040367,64.40866039,maize
64,35,23,23.02038334,61.89472002,5.680361037999999,63.03843397,maize
60,46,22,24.89364635,65.61418761,6.625404347999999,87.9298085,maize
98,44,21,25.77175115,74.089114,6.524478032,107.4931917,maize
75,56,18,19.39851734,62.35750641,5.696205468,60.95197486,maize
86,55,21,21.54156232,59.64024162,6.803931519,109.7515385,maize
98,35,18,23.79746068,74.82913698,6.252797547999999,91.76337172,maize
76,57,18,18.9802729,74.52600826,6.092725883,94.26249353,maize
99,56,17,24.10859207,73.13112261,6.234330356,71.07562236,maize
60,44,23,24.7947077,70.04556743,5.722579819,76.72860067,maize
74,48,17,21.63162756,60.27766379,6.430616465,69.21803098,maize
89,60,17,25.37548751,57.21025565,5.983952675,101.7004306,maize
69,51,23,22.21738222,72.85462807,6.80163854,106.6213157,maize
96,46,22,20.58314011,69.00128641,6.499936446,66.29390357,maize
61,60,15,24.87502824,68.74248334,6.265564338,91.26056654,maize
74,58,18,20.03728219,56.35606753,6.727303282,109.024141,maize
74,43,23,25.95263264,61.89082199,6.325235159,99.57981207,maize
63,43,17,19.28889933,65.47050802,6.807487794,71.3195307,maize
99,36,20,20.57981887,65.34583901,6.671085817000001,78.34604471,maize
77,36,23,24.71417533,56.73426469,6.648725327,88.45361858,maize
87,60,23,20.27317074,63.91281869,6.439071996,62.50351892,maize
60,38,17,18.41932981,64.23580251,6.474476516,76.41312437,maize
94,54,17,23.39128187,61.74427165,5.871647806,107.3198135,maize
95,38,22,19.84939404,61.24500053,5.730617109,100.7689246,maize
84,44,21,21.869274,61.91044947,5.850439831,107.2681929,maize
77,58,19,22.8056033,56.50768935,5.791649933,101.5952794,maize
66,44,20,19.0781471,69.02298571,6.740000687999999,80.72515943,maize
63,35,16,22.02720976,65.35549924,6.272417541,83.73280082,maize
79,45,20,23.80546189,59.24537979,5.715208817000001,89.96220140000001,maize
72,60,25,18.52510753,69.0276233,5.773454729,88.10234397,maize
67,51,24,23.50297882,61.32026065,5.584171461,64.77791424,maize
86,36,24,26.54986394,72.89187265,5.787268394,73.33636055,maize
76,48,18,19.29563411,69.63481219,5.77597783,83.21030571,maize
75,53,18,20.68899915,59.4375337,6.864793607,103.651438,maize
81,45,23,19.32666088,68.03449300000001,6.192360002999999,84.22969177,maize
73,45,21,24.60532218,73.58868502,6.636803222999999,96.59195302,maize
71,35,24,22.27373646,59.52193158,5.826426917,67.96704792,maize
96,54,22,25.70196694,61.33450447,6.960358276,83.20711308,maize
99,39,18,19.20129357,68.30578978,6.11275104,87.85092352,maize
62,48,20,21.70181447,60.47470519,6.708446922,95.71388473,maize
86,37,16,20.51716779,59.21235483,5.561510732,67.61013737,maize
94,50,19,23.30355338,73.62548442,5.873242491,97.59081274,maize
76,39,24,24.2547451,55.64709899,6.995843776,64.23845455,maize
77,52,17,24.86374934,65.7420046,5.714799723,75.82270467,maize
74,39,23,22.6265115,65.77472881,6.78073637,88.17251033,maize
81,49,20,18.04185513,60.61494304,5.513697923,104.2321615,maize
63,42,21,23.26237612,72.33125523,5.798423907999999,67.10225139,maize
99,38,21,22.88330922,71.59722446,6.352471866,67.72777298,maize
90,52,25,25.97482359,69.36385721,6.822586546,103.2234212,maize
68,40,19,26.14384005,66.20569924,6.655426355,107.2361366,maize
60,57,24,18.66116213,61.55327249,6.1212940410000005,75.03247667,maize
71,52,18,25.10787449,55.97732754,5.790770202999999,78.16077693,maize
61,59,17,23.33844615,59.24580604,6.47444292,105.0083144,maize
88,38,15,25.08239719,65.92195844,6.455116637000001,62.49190812,maize
65,60,22,25.36768364,72.52054555,6.6069840860000015,107.9124111,maize
78,37,22,25.34217103,63.31801994,6.330554389,74.52082026,maize
78,58,15,25.00933355,67.816568,6.5286312660000005,62.91359494,maize
92,60,23,18.66746724,71.516474,5.721667141,69.93293255,maize
79,59,17,20.37999665,63.73849998,6.644205485,108.5054416,maize
91,55,15,18.09300227,72.61024172,6.376651091,78.96159541,maize
76,51,18,26.16985907,71.96246617,6.247040422,79.84925393,maize
87,48,25,18.65396672,61.37879671,6.656730007999999,93.62039175,maize
71,60,22,26.07470121,59.37147589,6.2048017,85.75692395,maize
90,57,24,18.92851916,72.80086137,6.158860284,82.34162918,maize
67,35,22,23.30546753,63.24648023,6.3856842139999985,108.7603001,maize
60,54,19,18.74826712,62.49878458,6.417820493,70.23401597,maize
83,58,23,19.74213321,59.66263104,6.381201909,65.50861389,maize
83,57,19,25.73044432,70.74739256,6.877869005,98.73771338,maize
40,72,77,17.02498456,16.98861173,7.485996067,88.55123143,chickpea
23,72,84,19.02061277,17.13159126,6.920251378,79.92698081,chickpea
39,58,85,17.88776475,15.40589717,5.9969320370000005,68.54932919,chickpea
22,72,85,18.86805647,15.65809214,6.391173589,88.51048983,chickpea
36,67,77,18.36952567,19.56381041,7.152811172000001,79.26357665,chickpea
32,73,81,20.45078582,15.40312102,5.988992796000002,92.68373702,chickpea
58,70,84,20.6543203,16.60820843,6.231049027999999,74.6631118,chickpea
59,70,84,17.3348681,18.74926979,7.550808267000001,82.61734721,chickpea
42,62,75,18.17912258,18.90426935,7.010570541,81.84997529,chickpea
28,74,81,18.01272266,18.30968112,8.753795334,81.98568791,chickpea
58,66,79,20.99373558,19.33470387,8.718192847000001,93.55280105,chickpea
43,66,79,19.46233971,15.22538951,7.976607593,74.58565097,chickpea
58,63,81,19.81344531,14.69765308,6.5154995489999985,78.96514709,chickpea
23,62,85,18.97424756,19.5161216,8.490127142,80.7108745,chickpea
27,62,77,18.19737048,14.71070537,6.576415562,70.18185181,chickpea
28,72,84,18.72963144,19.18197264,6.481783042999999,71.58010169,chickpea
50,56,76,20.99502153,19.8601304,7.966605025,73.50734019,chickpea
39,71,84,20.28155898,16.39535215,8.140825437,82.52339655,chickpea
25,78,76,17.48042641,15.7559405,7.228963452,66.96980581,chickpea
31,70,77,20.88818675,14.32313811,6.492546046,90.46228334,chickpea
26,80,83,17.08498521,16.14565756,7.528599957000001,71.31007253,chickpea
25,68,77,20.09340593,15.11279612,7.701446446,85.74904898,chickpea
31,78,76,17.57212145,14.99927489,8.519975748,89.31050665,chickpea
60,68,83,19.12065218,18.43475844,6.620900869,85.52950164,chickpea
59,62,83,18.57665902,19.22008229,8.104396057999999,72.94940441,chickpea
22,67,78,17.16606398,14.42457525,6.204090835,72.32667516,chickpea
36,65,80,18.2872007,16.67921616,6.051091339,74.87445574,chickpea
59,60,84,19.03025305,18.66725565,7.690962337999999,94.70992037,chickpea
54,77,85,17.141861399999996,17.0662427,7.8292111439999985,83.74606679,chickpea
43,68,81,17.47809436,17.93253975,6.761599706,78.92060234,chickpea
28,76,82,20.56601874,14.25803981,6.654425315,83.75937135,chickpea
42,79,85,17.22385224,15.82069268,6.129533877,76.57580954,chickpea
32,60,83,19.69141713,19.44225438,8.829273328,91.76071648,chickpea
22,78,76,17.84851658,19.09172907,8.621662982,76.32470713,chickpea
31,79,75,18.8202251,16.1074793,8.204862075,89.73119396,chickpea
28,58,81,17.47500984,16.54314829,6.18042747,93.35034262,chickpea
57,58,77,18.72649425,17.58406365,7.978996755,81.20176515,chickpea
49,55,78,18.65580107,16.17772668,7.863113671,81.70769297,chickpea
46,76,77,18.2356751,19.68538502,6.967843048,83.74879344,chickpea
54,61,77,18.81198127,15.21618225,6.206582192999999,77.54294240000002,chickpea
38,60,76,18.65054116,17.80852431,8.868741443,77.92798682,chickpea
59,55,79,20.36720401,16.89574311,8.766128654,82.2545577,chickpea
36,76,75,18.38120357,16.63805158,8.736337905,70.52056697,chickpea
57,68,81,17.17012591,17.30457712,8.081095263,72.78624223,chickpea
35,66,81,19.37101121,15.77458129,6.138243973,85.24819851,chickpea
35,64,78,17.92845928,14.27327988,7.496645259,85.37378769,chickpea
52,60,79,19.45339934,18.23490739,8.380185271,75.6317566,chickpea
27,76,83,19.12829388,14.92241479,6.289614016,89.61857826,chickpea
57,60,84,19.1034283,17.26184541,6.586777189,75.49101167,chickpea
52,68,78,17.48504075,16.96070581,6.89655198,86.05078037,chickpea
43,79,79,19.40751744,18.98030507,7.8067476560000015,80.25064637,chickpea
44,74,85,20.18649426,19.63719995,7.150681303,78.26039559,chickpea
24,55,78,17.30287885,15.15405941,6.64919573,75.57790384,chickpea
29,77,75,17.50361137,15.48083156,7.778591617999999,72.9446671,chickpea
20,60,78,18.17234999,14.70085967,6.358740355,90.7760707,chickpea
56,67,78,17.57445618,16.71826572,8.255450758,77.81891424,chickpea
37,66,85,20.93175255,18.91295403,6.456148474,78.06910795,chickpea
49,71,76,19.71098332,17.63879418,6.613072145,85.57925437,chickpea
59,69,80,19.07937684,17.86754927,8.165359297,69.40619137,chickpea
20,79,77,18.54988627,16.02542689,7.64867466,76.32565249,chickpea
24,56,85,18.19903647,17.41333199,6.545888558,80.6405403,chickpea
51,72,75,18.88852533,14.99451145,7.1042247970000005,80.11133840000002,chickpea
57,73,85,18.49311205,14.72115044,7.358099622,91.94595352,chickpea
22,64,82,19.48974337,17.17260319,6.4740245000000005,87.51312796,chickpea
52,73,79,17.25769499,18.74943955,7.840339388999999,94.00287214,chickpea
29,75,75,19.62416326,18.71483156,7.064790365,88.4585692,chickpea
44,59,78,20.67526473,19.85388984,7.599033472,84.78344008,chickpea
41,69,82,20.02381489,16.63294455,6.715587232000001,68.97806542,chickpea
52,56,85,20.118744600000007,14.44228303,6.81712422,88.68168643,chickpea
34,76,80,20.65691793,15.84572566,7.985417393,65.23811143,chickpea
42,74,83,19.2582557,14.2804191,7.545258424,65.78042032,chickpea
34,71,79,17.927806,15.85622899,7.728998197,74.63872762,chickpea
27,73,79,19.16288268,15.83500655,7.354973451,82.69766829,chickpea
30,70,79,20.26942271,19.96978871,7.313122235,69.64449182,chickpea
57,57,75,17.09104223,18.25142068,7.785039076,87.27444866,chickpea
27,79,82,17.06579293,17.54024066,6.307004922999999,70.87150577,chickpea
32,71,85,20.62767492,14.44008871,6.4039823160000005,92.06630306,chickpea
31,76,82,20.8248451,17.85057083,7.599279991,79.20509212,chickpea
33,75,84,19.46210401,18.72831993,7.217018459,68.81405149,chickpea
47,80,77,17.18248372,16.42891834,7.561108006,72.85017344,chickpea
54,62,80,17.48911699,16.39055394,7.489545074,79.45758333,chickpea
47,79,78,17.48395377,14.76014523,6.609696734,65.11365631,chickpea
35,57,83,19.48316794,17.44534641,7.476800943,80.4986291,chickpea
53,73,77,19.71359733,18.09665739,7.325451279,73.64476535,chickpea
45,61,78,19.48649305,16.06240074,6.489389282,81.52842690000001,chickpea
37,78,79,19.95264829,14.82633099,7.786366322,88.6810311,chickpea
30,75,81,19.41789736,16.80472243,6.4084378860000015,68.4951189,chickpea
37,55,82,19.45591848,18.02235902,8.423873703,78.44910564,chickpea
53,65,76,20.19137759,16.41998269,8.719960893,77.33795356,chickpea
22,60,85,18.8392908,14.74071856,7.811997977000001,94.78189594,chickpea
60,61,78,20.71219282,19.83643308,6.317153205,94.03659867,chickpea
42,67,77,18.99424448,15.9362937,7.114405288,78.69707199,chickpea
39,76,76,19.96837462,15.57324389,8.135900726000001,69.15759062,chickpea
35,63,76,17.81564548,17.60756635,7.714153037999999,90.82097601,chickpea
30,65,82,20.71424384,15.27824066,7.103798069,76.77888672,chickpea
57,56,78,17.34150229,18.75626255,8.861479668,67.9545435,chickpea
48,65,78,17.43732714,14.33847406,7.861128148,73.0926704,chickpea
36,56,83,18.89780215,19.76182946,7.4526709,69.09512477,chickpea
40,58,75,18.59190771,14.77959596,7.168096055,89.60982451,chickpea
49,69,82,18.31561493,15.36143547,7.26311855,81.78710463,chickpea
13,60,25,17.13692774,20.59541693,5.68597166,128.256862,kidneybeans
25,70,16,19.63474332,18.90705639,5.759237003,106.3598183,kidneybeans
31,55,22,22.91350245,21.33953114,5.873171894,109.225556,kidneybeans
40,64,16,16.43340342,24.24045875,5.926676985,140.3717815,kidneybeans
2,61,20,22.13974653,23.02251117,5.95561668,76.64128258,kidneybeans
26,65,22,17.84806561,18.77621951,5.9499490810000015,143.09841709999995,kidneybeans
17,57,21,19.88394011,20.31564139,5.7892142889999985,60.91974792,kidneybeans
26,80,18,19.32509638,23.3334788,5.581021521,104.7783947,kidneybeans
17,59,17,18.416700100000003,23.42829938,5.689858133,132.9801054,kidneybeans
27,59,22,21.81167649,23.20591245,5.7941585039999985,130.0608093,kidneybeans
28,58,24,19.72702528,18.28173015,5.748190462999999,143.7630894,kidneybeans
25,57,19,17.15432954,19.87070659,5.566522896,87.99669731,kidneybeans
28,80,17,19.62207826,18.67170854,5.809419584,144.1567454,kidneybeans
25,60,22,21.63149148,21.17919701,5.887263027,134.3649948,kidneybeans
12,78,23,16.06522754,18.72479695,5.99812453,88.06638775,kidneybeans
6,77,25,20.61162204,24.36314135,5.792744849,69.63833855,kidneybeans
22,79,17,21.42451099,20.39659714,5.912289889,116.5206923,kidneybeans
27,80,15,19.07096165,21.21092266,5.7883869510000014,86.21917578,kidneybeans
10,55,23,21.18853178,19.63438599,5.728233081,137.1948633,kidneybeans
23,65,20,23.0429097,22.42610972,5.833940084,108.3684316,kidneybeans
19,78,16,20.65375833,23.10538637,5.967533236,67.71768947,kidneybeans
19,65,25,18.09551014,18.29318436,5.6250964460000015,144.7902323,kidneybeans
22,70,19,18.23775702,21.07643273,5.515615023,69.44951585,kidneybeans
37,64,22,17.48189735,18.8251973,5.954665349,121.9401369,kidneybeans
11,71,17,19.9191786,21.47324158,5.74644777,82.68554379,kidneybeans
18,79,20,20.27514686,23.2353604,5.877347515,139.7521543,kidneybeans
21,63,17,15.77370214,19.2303162,5.979973965,108.3441414,kidneybeans
24,80,22,16.71170642,19.17651433,5.635993966,96.77285817,kidneybeans
34,60,22,17.66148158,18.15302753,5.635231778,100.6711761,kidneybeans
16,75,21,18.50692825,23.61670065,5.679224346,87.05132890000002,kidneybeans
17,77,23,24.51324787,20.81527638,5.670062975,64.19497947,kidneybeans
37,72,18,18.87614998,24.54038287,5.724242065,105.4120514,kidneybeans
40,73,20,21.59343016,20.31871249,5.811314232000001,61.13872036,kidneybeans
9,77,17,20.12373284,24.45202552,5.783425416,106.158201,kidneybeans
1,62,23,15.43546065,18.37477907,5.607808432000001,139.0302034,kidneybeans
33,59,22,22.64236876,21.59396123,5.946999529,122.3886015,kidneybeans
23,59,19,21.98560799,24.87304788,5.852046999,129.5650601,kidneybeans
6,62,22,20.53052663,18.09224048,5.824090984,120.4509288,kidneybeans
25,63,20,15.78601387,21.14544088,5.502999119,95.17028129,kidneybeans
7,79,23,19.6365349,19.68751084,5.821649914,96.65888933,kidneybeans
8,72,17,20.57341244,19.7520218,5.711439256,87.87869161,kidneybeans
27,64,15,20.16080524,24.84207559,5.514927264,138.2362122,kidneybeans
28,66,23,21.53989176,24.25386207,5.99616119,120.6913038,kidneybeans
32,57,18,15.53834801,23.75560241,5.695422862999999,107.3850593,kidneybeans
27,56,22,19.91853092,20.70099804,5.833010957999999,108.6434544,kidneybeans
17,77,24,20.76952209,18.93146941,5.568456899,109.0193712,kidneybeans
0,65,15,23.46168338,23.22197648,5.645435626,95.84253438,kidneybeans
13,72,21,24.32116642,21.0278674,5.821194486,60.27552528,kidneybeans
34,60,23,20.12574053,24.96969858,5.659254981,100.0497183,kidneybeans
9,80,19,21.80619564,18.57086554,5.945465949,125.0972687,kidneybeans
11,72,20,19.52226241,24.92607153,5.9511774520000005,113.334026,kidneybeans
3,67,24,17.00067625,19.90790546,5.5208800139999985,103.2926407,kidneybeans
35,69,23,16.78791503,24.96881755,5.578410206,75.45328039,kidneybeans
3,77,25,24.84906168,22.89464642,5.608165195,62.21292186,kidneybeans
23,62,19,16.51783455,20.4555596,5.609435127999999,98.77794225,kidneybeans
22,71,17,18.15300153,19.38602098,5.509295379,107.6907964,kidneybeans
31,79,25,23.18864385,22.3104551,5.902033406,63.38208822,kidneybeans
34,59,18,23.38002569,21.98879437,5.744117663,87.66898664,kidneybeans
12,63,17,18.358923,19.37703396,5.717143397,138.414764,kidneybeans
27,56,20,19.25975367,20.51346956,5.542690119,94.9533526,kidneybeans
7,63,24,22.95458237,24.03553105,5.858617867,107.7315386,kidneybeans
24,67,22,20.120043,22.89845607,5.618844277000001,104.6252153,kidneybeans
11,71,24,21.14011423,22.7182355,5.6066203460000015,141.6056722,kidneybeans
37,74,15,24.92360104,18.22590825,5.582178402,62.7089169,kidneybeans
25,76,24,15.33042636,24.91506728,5.56503533,135.3315583,kidneybeans
34,66,17,18.81097271,21.27833035,5.889614577000001,125.084915,kidneybeans
20,69,15,23.44260668,22.77255917,5.934136378,107.4137246,kidneybeans
37,65,16,22.8352024,18.97267518,5.683548308,63.59276673,kidneybeans
18,74,15,24.9035819,22.27512704,5.70836603,146.4727237,kidneybeans
4,67,25,23.78709569,24.35679348,5.948164454,119.6404412,kidneybeans
37,56,25,22.05592283,19.60379304,5.7747551439999985,126.7265372,kidneybeans
5,59,15,18.87492997,20.18238348,5.97229163,134.1811718,kidneybeans
11,61,21,18.62328774,23.02410338,5.532100554,135.33780330000002,kidneybeans
22,80,20,23.00884744,18.86880997,5.669560726,100.118612,kidneybeans
12,61,19,19.33162606,24.13995025,5.655726817000001,68.51253427,kidneybeans
5,74,21,16.24469193,21.35793891,5.5917040139999985,66.97053257,kidneybeans
27,69,22,17.91652287,24.90814655,5.932323085,69.14681022,kidneybeans
31,75,18,15.46789263,21.43780702,5.8242083089999985,88.88796102,kidneybeans
36,68,20,17.06104474,23.77201471,5.86442953,81.83420522,kidneybeans
5,65,16,21.32776028,18.48522915,5.866744372,109.1013261,kidneybeans
32,79,15,23.90910104,20.74619325,5.706198621,81.60211243,kidneybeans
11,78,22,23.89756791,22.74378977,5.940546818,112.6616435,kidneybeans
0,55,22,22.98666928,20.57940608,5.916779289,143.85849380000005,kidneybeans
14,59,15,21.35135729,22.91244883,5.779090476,146.4548645,kidneybeans
29,68,23,24.1638445,19.27907819,5.82738029,116.7324324,kidneybeans
32,68,19,24.62835037,18.18325169,5.514234138,149.7441028,kidneybeans
17,64,17,21.02213209,24.93896255,5.662699104,124.6118471,kidneybeans
13,69,19,17.30844532,20.01730914,5.86390397,115.199245,kidneybeans
14,67,22,23.82576704,24.75485098,5.624690247999999,84.64143632,kidneybeans
9,69,20,19.30607278,23.96362799,5.591560999,129.3449326,kidneybeans
20,73,22,16.03768615,22.33195853,5.976312537999999,130.3900798,kidneybeans
40,78,20,19.18572809,20.83398341,5.669236258,80.15293435,kidneybeans
27,72,23,19.92889503,21.79992115,5.961934481,64.02640797,kidneybeans
14,67,15,19.56376468,24.67385131,5.690065688,139.2921004,kidneybeans
7,56,18,18.31357543,24.32991649,5.698371311,76.14153904,kidneybeans
27,65,18,20.10993761,23.22323766,5.59503163,73.36386477,kidneybeans
30,63,16,23.60506572,21.90539577,5.5259045260000015,100.5978728,kidneybeans
37,70,25,19.73136909,24.89487354,5.819403771,84.06354115,kidneybeans
27,63,19,20.93409877,21.1893007,5.562201934,133.1914419,kidneybeans
22,60,24,18.78226261,20.24768314,5.630664753,104.2570723,kidneybeans
91,94,46,29.36792366,76.24900101,6.149934034,92.82840911,banana
105,95,50,27.33368994,83.67675197,5.849076099,101.0494791,banana
108,92,53,27.40053601,82.96221306,6.276800323,104.9378,banana
86,76,54,29.3159075,80.11585705,5.926824754,90.10978128,banana
80,77,49,26.05433004,79.39654531,5.519088423,113.2297373,banana
93,94,53,25.86632408,84.42379269,6.079178787999999,114.5357503,banana
90,92,55,27.00932084,80.18546798,6.13465588,97.32531705,banana
108,89,53,29.55054817,78.06762846,5.8084976039999985,99.34482238,banana
108,88,55,26.28845991,83.390039,5.891458107,113.8729798,banana
105,77,52,29.16226551,76.16151562,5.8166224789999985,100.0075679,banana
118,88,52,28.65003945,82.68752542,5.8431631610000005,98.75084366,banana
101,87,54,29.07311132,76.50045221,6.376756632999999,100.1692639,banana
95,75,50,28.08166093,75.26429821,5.623615687000001,118.2761894,banana
106,85,53,27.1994597,78.80860679999998,5.91505509,99.72430835,banana
86,95,49,28.05484146,78.04602887,6.458714879,108.3957179,banana
83,79,55,25.14748006,83.34688193,5.565028635,98.66679427,banana
85,95,47,25.94019018,78.3422098,6.211833161,119.84797,banana
109,79,45,27.66752761,79.68542782,6.490074429,108.66464,banana
100,76,45,25.56703012,75.94067692,5.590236025,102.7867717,banana
117,86,48,28.6956201,82.54195839,6.2252252389999985,116.1616839,banana
114,94,53,26.33544853,76.8532006,6.1907574589999985,118.6858263,banana
110,78,50,25.93730186,78.89864446,5.915568968,98.21747528,banana
94,70,48,25.13686519,84.88394407,6.195152442,91.46442491,banana
80,71,47,27.50527651,80.79783998,6.156373499,105.0776992,banana
114,79,51,26.21009246,82.34429458,6.313197204,112.0700033,banana
88,78,45,29.10403455,79.19588629,6.324270089,92.07835761,banana
112,73,48,29.244063800000006,77.32017166,5.7074889870000005,90.66727868,banana
117,76,47,25.56202173,77.38229006,6.119216009,93.10247183,banana
111,87,48,26.3985515,81.36028902,5.571401169,98.16752001,banana
89,83,47,28.09577643,77.79586769,5.63127166,109.5408614,banana
93,91,47,27.84767901,83.31110751,6.101241579,117.2878912,banana
92,81,52,27.39341554,81.4654833,6.438137278999998,94.31102057,banana
105,74,45,25.14517635,81.38204104,6.098369122,119.218154,banana
102,71,48,28.65456263,79.28693687,5.695267822000001,102.4633775,banana
94,91,51,29.16093424,76.67484233,5.6180944460000015,109.575944,banana
116,71,47,27.57278064,82.0638878,6.435785799,91.34276507,banana
117,79,49,25.40909896,82.36208097,6.176644228,112.9794804,banana
119,72,55,25.99069521,83.33983116,6.220643671,112.0777152,banana
99,73,53,26.29039046,81.06003778,5.8717022110000014,118.6730366,banana
91,84,52,29.14827211,78.71024836,6.390741836,117.536781,banana
80,90,47,26.59743595,79.35898915,6.21084479,107.3944717,banana
101,70,48,25.36059237,75.03193255,6.012696655,116.5531455,banana
108,89,53,29.12036889,80.18080728,5.908770059,112.3982055,banana
100,80,52,27.53911354,77.25629897,6.049801781,110.3262123,banana
109,91,53,29.66727337,83.51014178,6.010095852999999,110.2511102,banana
82,78,46,25.05802193,84.97323747,5.738678895,110.4408803,banana
106,70,55,25.86824781,78.52399914,5.74055541,116.3019555,banana
90,86,52,25.85036988,81.95580471,5.793260262,119.08561709999998,banana
83,95,50,26.51682337,77.79913575,5.50947065,108.8547508,banana
119,90,48,28.66725136,79.59242542,5.986442306,118.2583441,banana
107,72,45,28.14938935,81.54448882,5.790768046,91.40508414,banana
116,81,55,26.42313317,83.69950440000002,5.915546415,95.12322062,banana
101,75,50,26.59386409,81.40740301,6.242528277999999,109.9825551,banana
93,81,50,27.71822477,76.57853189,6.0360792660000016,102.2099836,banana
95,75,45,28.98333432,82.95958244,5.829898502000001,109.022564,banana
107,71,55,29.42017919,83.96754496,6.088064451,117.229079,banana
83,94,47,27.39872329,81.10523402,6.469370954,112.1355384,banana
102,73,54,26.4020227,84.41007614,5.720726906,111.0162259,banana
86,79,45,27.81251452,82.69285419,5.80766417,99.20961514,banana
117,86,53,25.19640218,83.55829874,5.703381727999999,115.8586081,banana
111,79,53,28.31193338,75.77363772,6.165001277999999,119.695765,banana
95,74,50,25.90113128,80.47152737,6.002481605,110.10323,banana
91,75,55,27.48612983,76.11239849,6.212369363,109.2768851,banana
93,83,46,29.38254012,83.50423735,5.765308943,109.2486647,banana
92,85,51,29.22118628,81.08183635,5.740764682000001,108.8616474,banana
104,80,54,27.09062164,81.33506906,5.879119455,110.1331182,banana
103,72,51,26.12643374,81.81365007,6.099478745,104.4812858,banana
92,75,45,29.01207743,77.95192527,5.6744033589999985,90.43495443,banana
93,85,49,27.96799119,79.28625709,5.694243847,119.4765557,banana
120,87,52,28.0764455,76.05522115,5.905494703,118.99235729999998,banana
108,72,46,25.16278237,84.97849241,6.110844721,90.94554618,banana
105,88,54,25.78749808,84.51194224,6.020445317,114.2005455,banana
98,79,50,25.34119774,84.47321314,6.435917308,91.06493353,banana
111,88,55,29.44795403,78.34971537,5.505393832999999,96.45042585,banana
97,74,45,26.47522633,78.51833782,5.677719902000001,113.1161095,banana
95,82,48,27.39489579,83.31172003,5.719014989,92.78133617,banana
89,91,55,25.08347445,80.26173100000003,6.275572297999999,94.32961456,banana
89,85,55,26.671983500000003,76.48541655,6.275384607,91.73358569,banana
118,88,51,25.44926208,79.49221962,6.201911642000001,100.6619171,banana
101,92,45,28.22776705,80.64303840000002,5.758054257,98.00403016,banana
99,92,47,28.127950899999995,77.48247073,6.3239336470000005,103.5045395,banana
82,77,46,28.9470467,82.1888998,5.901100841,95.83016448,banana
90,86,55,27.96236771,84.15403614,5.644486582000001,97.55986676,banana
95,88,52,28.00316034,78.90085998,6.235461772000001,94.68180316,banana
104,73,46,29.1400919,80.1190228,6.28236237,90.45142867,banana
102,73,52,27.9122104,83.36307683,6.356090905,90.24211529,banana
100,74,52,25.43480512,81.53977797,5.837258235,96.47800391,banana
94,89,48,28.55980972,84.51602322,5.653437902,111.0843029,banana
99,70,46,26.59580783,82.99556744,5.727469947,100.5123341,banana
112,87,48,27.19711623,77.39706290000002,6.200111067999999,99.46950465,banana
117,82,45,25.29391516,79.29122198,5.614471478,105.4220251,banana
96,86,51,29.90888522,76.98740841,6.257369799,91.99964712,banana
113,85,45,27.94972463,76.63713353,6.037430836,109.0921631,banana
105,93,46,25.01018457,78.76260938,5.760457558,108.3690513,banana
85,89,51,29.21144871,84.70189923,6.1581644220000005,108.5501443,banana
108,94,47,27.35911627,84.54625006,6.387431382999999,90.81250457,banana
92,81,52,28.0106804,76.52808057,5.891413895,103.7040783,banana
110,71,54,28.67208915,82.20793613,5.725418961,94.37987496,banana
82,75,55,27.34585147,78.48738349999998,6.281069505,92.15524332,banana
117,81,53,29.50704598,78.20585613,5.507641777999999,98.12565829,banana
24,130,195,29.99677232,81.54156612,6.112305667,67.12534492,grapes
13,144,204,30.7280404,82.42614055,6.092241627000001,68.38135469,grapes
22,123,205,32.44577836,83.88504863,5.896343436,68.73932528,grapes
36,125,196,37.46566825,80.65968681,6.15526103,66.83872293,grapes
24,131,196,22.03296178,83.74372787,5.732453638,65.34440794,grapes
2,123,198,39.64851881,82.21079946,6.253034534,70.39906054,grapes
35,140,197,16.77557314,82.75241875,6.106190557000001,66.76285469,grapes
11,122,195,12.14190714,83.56812483,5.647202395,69.63122027,grapes
6,123,203,12.7567962,81.62497448,6.130310493,66.77844567,grapes
17,134,204,39.04071989,80.18393287,6.499604931,73.88467027,grapes
25,130,197,39.70772192,82.68593454,5.554831977,74.91506217,grapes
27,145,205,9.467960445,82.29335466,5.800242694,66.02765219,grapes
9,122,201,29.58748357,80.91934392,5.570290539,68.06417307,grapes
16,139,203,17.82803682,80.96093443,6.27564088,65.84748763,grapes
32,141,204,8.825674745,82.89753705,5.536645599,67.235765,grapes
22,138,195,27.83487131,83.51444973,6.208196881,73.02882766,grapes
31,144,202,11.02105378,80.55557235,5.870600622,68.23963161,grapes
3,136,205,17.5862944,80.84806564,6.334771461,71.40654520000002,grapes
28,122,197,19.89363946,82.73366439,5.856575335,69.66256816,grapes
4,136,204,29.93707596,81.77713468,5.898944282,65.52279323,grapes
39,145,201,36.73126647,80.58931938,5.775600435,72.24230804,grapes
38,132,197,20.42094753,81.54185044,5.931101816,66.93065667,grapes
36,133,198,25.51939719,83.98351748,6.2286454,69.17281221,grapes
25,121,201,30.50734778,82.71775569,5.594240602999999,70.08200379,grapes
15,125,199,18.426993600000007,80.55625868,5.569230319,69.75734306,grapes
24,140,205,12.087022,83.59398734,5.93202852,68.66813363,grapes
13,132,203,23.60115364,82.48336987,6.423216506,73.23901752,grapes
5,126,197,12.80000387,81.20876367,6.417500829,67.10439401,grapes
30,120,200,38.06099482,82.24729637,6.234904253,65.70148216,grapes
23,142,197,39.06555518,82.03812973,6.000573725,69.30772897,grapes
26,135,203,33.78372897,81.16314317,5.6851027689999984,74.53557341,grapes
7,126,203,16.76201707,82.00335557,5.662140095,73.28712806,grapes
32,139,198,35.89307536,82.66850729,6.358186848,66.53946559,grapes
9,141,202,21.01245395,81.17931863,6.119495295,66.38448261,grapes
20,142,196,10.89875873,80.01639435,6.207600782999999,68.69420397,grapes
32,129,201,16.36251869,83.00471609,6.48754639,71.55665483,grapes
3,134,199,20.28370163,81.32235739,5.81717753,71.06611222,grapes
38,138,204,25.11108456,83.25447587,6.325480034,73.01026829,grapes
14,131,198,33.4641162,83.86742974,5.562790949,67.92204319,grapes
20,122,204,11.7976469,80.86325389,6.487369687,65.06962486,grapes
40,126,201,11.36300891,80.03100049,6.116982944,71.18289431,grapes
36,128,204,25.23542319,80.68700527,5.695792761,67.03840888,grapes
11,132,197,15.99050693,81.23966573,5.7343170070000005,74.40198861,grapes
0,137,195,22.4359017,80.18612085,6.329499832000001,65.3973168,grapes
19,123,200,34.76086052,81.03544763,6.167013532,65.70430027,grapes
31,136,197,31.11047251,83.34010951,5.653776057999999,71.43001582,grapes
4,134,200,28.57828803,80.95628959,5.840256272,73.34232097,grapes
39,139,201,41.18664903,81.01783402,5.5399808120000005,68.68895899,grapes
8,127,196,27.02766138,83.17093908,5.833302165,70.95666003,grapes
39,138,203,21.19339319,82.33098331,6.399433771,74.62834921,grapes
32,120,204,10.38004759,83.44518113,6.138958698,67.39173790000001,grapes
12,142,203,31.3115978,82.56407013,5.972850837999999,65.01095312,grapes
8,133,195,20.46657776,80.97598029,6.456079585,71.29813872,grapes
8,139,199,29.36947679,81.53996362,6.3364266670000005,66.13442813,grapes
21,134,202,10.72302459,80.02130636,6.425419926,65.29821120000001,grapes
40,140,195,14.97846952,80.49979873,6.2943956760000015,71.63437433,grapes
39,127,202,15.3246651,81.67215994,6.477768039,71.60102999,grapes
19,120,195,18.73932187,81.12109244,5.931538447,73.55807954,grapes
21,139,201,19.3642553,83.36094029,5.980598579,67.15094741,grapes
17,136,195,41.20733624,81.61051026,6.389783283,65.90227462,grapes
33,139,203,33.34214482,82.51034633,5.693287415,70.68098614,grapes
22,133,201,23.81995682,80.12211649,6.00299607,67.27398640000001,grapes
32,130,196,40.66012294,81.24995984,6.372959542,74.03030056,grapes
37,135,205,11.82768186,80.2827185,5.5109248489999985,74.10225057,grapes
15,140,195,13.28504331,83.54193816,5.69945282,65.80006004,grapes
39,132,196,35.83089092,83.32560104,5.778594403,73.67984885,grapes
40,121,199,26.18159716,81.03886263,6.315586313,66.05911698,grapes
40,132,202,24.57558351,80.70695797,5.9718130060000005,69.706113,grapes
29,142,203,29.67229086,83.71498986,5.891195653,66.48490371,grapes
32,121,199,39.37102553,81.25353895,6.129812716,74.08101744,grapes
6,140,205,17.66558428,82.92903419,6.313085601,69.8671263,grapes
8,120,196,24.06679352,82.66396666,6.053662544,69.81855775,grapes
34,133,202,15.31413469,80.09711412,5.804799142,74.82144653,grapes
35,135,199,21.77466746,80.54942557,6.400719746,69.39630398,grapes
16,145,199,26.91624843,80.76838926,5.953966361,69.30927185,grapes
8,136,201,41.65602996,82.22118237,5.6092559920000005,74.19664838,grapes
25,129,195,17.98667801,81.17712085,5.777271492000001,72.37127689,grapes
16,130,201,29.12033769,82.79092939,5.682395429,68.8503047,grapes
39,129,203,34.38922481,83.18392806,5.863996687,71.03001556,grapes
38,135,203,41.36106301,82.79782954,6.444373116,69.92107482,grapes
33,120,205,35.12158265,82.26890793,5.550832177999999,69.71518491,grapes
35,125,204,19.6491772,80.15215777,6.107741787999999,73.69529586,grapes
1,132,200,16.27852801,82.94270065,5.620745638,66.57462809,grapes
39,140,203,21.11903604,80.63399198,6.349875906,69.27779761,grapes
28,145,202,19.2077707,82.90428409999998,6.484323189,66.83113717,grapes
6,128,200,25.96308415,82.57813624,5.838748311,70.31782647,grapes
6,139,199,25.67385024,81.6212135,6.29099842,74.10919422,grapes
29,122,196,41.94865736,81.15595212,5.638328481,73.06862952,grapes
37,144,197,11.18994268,80.8084305,6.415555956,66.34234944,grapes
38,120,197,17.5438296,82.94703302,6.323722572,73.77063744,grapes
38,141,198,13.05809741,80.28297993,5.757009965,70.75633584,grapes
14,121,203,9.724457611,83.74765639,6.1586894060000015,74.46411148,grapes
6,125,204,27.92004934,82.93262435,5.7335398070000005,69.92092839,grapes
32,138,197,9.535585543,80.73112694,5.908724337000001,69.44115171,grapes
11,124,204,13.42988625,80.06633966,6.361141107000001,71.40043037,grapes
23,138,200,9.851242629,80.22631717,5.96537863,68.42802444,grapes
40,143,201,24.97256132,82.72828653,6.476757723,66.70016285,grapes
6,142,202,27.23708304,82.94573346,6.224542938,70.42508897,grapes
37,124,195,18.70679077,83.4795292,6.209928251,66.5964488,grapes
35,134,204,9.949929082,82.55138983,5.841138354,66.00817551,grapes
119,25,51,26.47330219,80.92254421,6.283818329,53.65742581,watermelon
119,19,55,25.18780042,83.44621709,6.818261382999999,46.87420883,watermelon
105,30,50,25.29954705,81.77527562,6.37620108,57.04147057,watermelon
114,8,50,24.74631269,88.30866319,6.581587932000001,57.95826144,watermelon
93,22,52,26.58740671,81.32563243,6.932739726,41.87540028,watermelon
80,26,55,24.53442564,88.989272,6.140099215,49.11618732,watermelon
85,27,45,26.0713757,88.7285657,6.467095849,57.79652846,watermelon
85,22,53,25.96534238,89.77076659,6.849471704,59.46338556,watermelon
82,22,45,26.22338015,85.34866045,6.512196212,54.60159289,watermelon
118,13,54,24.41311871,89.81574032,6.039584629,44.07843475,watermelon
83,25,53,26.49195283,80.04678201,6.057697106,57.72799157,watermelon
86,15,47,24.04355803,84.18406764,6.423898762,53.78929956,watermelon
101,10,47,25.5421695,83.31883376,6.936997681,57.57343233,watermelon
119,9,50,26.74550678,83.9195902,6.251286661,40.794305,watermelon
104,17,46,25.7131428,80.22972777,6.190015912000001,43.08961827,watermelon
95,12,51,25.76484262,84.17269959999999,6.681606702000001,44.22066914,watermelon
102,14,52,26.79489868,89.64815231,6.51075991,57.74091817,watermelon
109,21,55,24.9004602,89.73524177,6.770278088,57.44942094,watermelon
81,18,50,26.80750629,88.22874955,6.429788072999999,58.79889057,watermelon
103,17,51,25.11189154,80.02621335,6.209888345,44.20656987,watermelon
105,14,50,26.2148837,87.68839820000002,6.419052193,59.65590798,watermelon
97,8,52,24.9103226,86.97190046,6.237861736,49.48575692,watermelon
120,19,49,25.79448878,84.26830701,6.762471628999998,56.45229202,watermelon
95,16,55,25.26931156,87.55055105,6.612847999,40.12650421,watermelon
83,29,52,25.76402693,87.5931128,6.704688865,46.05122728,watermelon
83,9,45,25.85483596,89.13163965,6.049609892,46.85176955,watermelon
91,21,50,24.33528185,81.44030363,6.762030215,48.32113628,watermelon
116,5,54,25.37601283,80.99313508,6.65398725,57.23028471,watermelon
112,28,54,24.86094646,85.05318563,6.738030547,55.29563514,watermelon
88,29,51,24.71885473,88.94568335,6.095689937,48.45978627,watermelon
118,15,45,24.21495706,84.20576992,6.538006356,48.01138482,watermelon
92,21,48,25.81692236,82.043255,6.377427122,54.82963379,watermelon
106,14,45,24.47018505,84.16390229,6.417011754,57.26773002,watermelon
99,5,47,24.13078816,84.84494575,6.649086972,51.19470197,watermelon
98,8,51,26.1793464,86.52258079,6.25933595,49.43050977,watermelon
108,22,46,26.17668721,86.72952049999998,6.121168559,53.33484977,watermelon
119,7,55,26.03867719,84.6378378,6.031424482,44.3993381,watermelon
117,27,48,26.53259325,82.39053979,6.8352681839999985,54.30660782,watermelon
109,10,53,26.81938687,87.8274604,6.5517503060000015,46.06193778,watermelon
80,16,46,25.50405534,81.40297428,6.940236218,48.47833278,watermelon
100,18,52,26.20234499,80.38266489,6.87606733,56.47941847,watermelon
91,7,53,25.13735887,89.28272716,6.457216535,43.52897517,watermelon
86,6,53,25.92030221,83.47202566,6.921847887999999,42.10681516,watermelon
107,5,52,26.6634609,89.98405233,6.8814257460000015,57.40847165,watermelon
103,16,49,24.06731461,81.64075303,6.915717008,51.75212401,watermelon
101,20,48,24.6774157,82.75411437,6.2062474939999985,57.05709413,watermelon
85,25,47,26.11440416,87.64081095,6.29542477,58.48160844,watermelon
84,7,51,26.81530456,87.65694462,6.399669044,55.74073582,watermelon
102,28,54,25.15623099,80.27525115,6.862157042000001,55.49541453,watermelon
98,25,52,25.2801372,83.15393658,6.224066378,49.29456609,watermelon
97,25,50,26.22005978,80.90127035,6.093814669,49.08553937,watermelon
90,16,45,24.92093261,80.61750795,6.291540277999999,50.55710813,watermelon
95,12,46,26.21667586,81.01009354,6.32281728,54.65423596,watermelon
82,23,49,26.81383586,87.21986949,6.873283991,51.70497792,watermelon
82,25,51,24.31334971,87.47409052,6.074209622000001,48.11248366,watermelon
110,28,46,24.29105004,88.04541346,6.49889585,51.26046418,watermelon
118,21,51,24.42998931,86.33904774,6.678805092,48.58241822,watermelon
120,20,45,25.66576039,88.6984228,6.114128685,54.22722466,watermelon
91,7,52,25.07803672,83.46230461,6.405054243,56.39962921,watermelon
81,6,55,24.88910524,85.87059083,6.110142735,51.70699144,watermelon
101,13,54,25.42900869,82.91481799,6.828982708,56.34144589,watermelon
101,17,55,24.37118217,87.1269128,6.4514997639999985,44.63907691,watermelon
111,6,53,26.493064500000006,88.59143088,6.3135129989999985,46.06382209,watermelon
107,10,49,25.83202912,89.00481725,6.755192025,45.24690619,watermelon
115,11,46,24.41592661,89.39655519,6.623167177000001,40.32161859,watermelon
84,25,52,24.37190239,81.2514818,6.12532356,44.20899581,watermelon
120,7,47,24.24782473,83.03687902,6.653867608,54.76576239999999,watermelon
91,12,46,24.64458469,85.49938185,6.343942518,48.31219031,watermelon
89,22,52,24.89681131,86.10782926,6.217300786,53.14626213,watermelon
113,19,46,25.41864024,81.12122989,6.286387658,49.52320689,watermelon
97,22,50,26.26028739,86.14585891,6.769893799999998,58.97878791,watermelon
117,30,50,24.90123934,87.20772913,6.744966312000001,46.59207341,watermelon
90,14,52,24.84740848,89.20454622,6.391858432,59.67927244,watermelon
104,23,47,26.98212846,86.70068316,6.770434148,42.91292205,watermelon
81,16,45,26.90435747,86.25426228,6.727468157000001,59.75980023,watermelon
88,5,47,25.86475496,86.67468041,6.662244646,41.16554802,watermelon
92,7,45,26.70607759,81.14149505,6.944640222,51.51033554,watermelon
81,18,50,26.44019475,80.91934337,6.507110986,47.81847573,watermelon
111,5,55,26.283443,84.42478917,6.520663422,50.78669728,watermelon
108,23,51,26.84366082,83.85039964,6.106500787000001,40.228644,watermelon
113,30,50,26.03967219,83.9862443,6.277484042999999,43.87712348,watermelon
83,10,53,24.92994759,85.00802358,6.195142279,48.75859458,watermelon
101,11,51,25.50736962,84.24340241,6.792035575,44.2068997,watermelon
114,21,55,25.4438391,87.93923120000002,6.472756256,57.51549686,watermelon
99,6,45,26.12588914,86.5507939,6.000975617000001,40.71210074,watermelon
92,20,55,25.10474753,87.52676159999999,6.5877912620000005,59.26519444,watermelon
92,7,48,26.27520631,86.63249555,6.956508826,54.38748495,watermelon
91,24,55,26.27061608,83.09194521,6.259086582999999,46.76837499,watermelon
110,21,54,26.73690828,87.82430156,6.747537642,47.46447019,watermelon
112,25,51,25.04746944,85.5667282,6.932537231,56.72496677,watermelon
89,25,54,24.69368934,85.56967628,6.353107392999999,48.99390828,watermelon
100,10,53,24.54356968,84.60808277,6.211748957,42.00660251,watermelon
83,22,54,25.89762315,81.96664832,6.2772452539999986,54.49960057,watermelon
95,14,50,26.6333118,84.31756844,6.560443519,56.31866159,watermelon
119,30,49,25.35794749,80.45846265,6.903020221,47.72078245,watermelon
97,12,47,25.28784623,89.63667876,6.765094963999998,58.28697664,watermelon
110,7,45,26.63838589,84.69546874,6.189213927000001,48.32428609,watermelon
96,18,50,25.3310446,84.30533791,6.904241707000001,41.53218699,watermelon
83,23,55,26.89750174,83.89241484,6.463271076,43.97193745,watermelon
120,24,47,26.98603693,89.4138489,6.260838965,58.54876687,watermelon
22,30,12,15.78144173,92.51077745,6.3540067439999985,119.035002,orange
37,6,13,26.03097313,91.50819306,7.511755067999999,101.2847738,orange
27,13,6,13.36050601,91.35608208,7.335158382,111.2266885,orange
7,16,9,18.87957654,92.04304496,7.813916602999999,114.6659511,orange
20,7,9,29.47741671,91.57802915,7.1291369410000005,111.1727497,orange
26,27,10,28.06903173,92.91487288,6.079998496,114.1339416,orange
5,23,15,25.66901098,92.04670813,7.408939392000001,112.5424199,orange
0,18,14,29.77149434,92.00719952,7.207991261,114.41617859999998,orange
39,24,14,30.55472573,90.90343769,7.189259647,106.0711985,orange
13,23,6,23.96147583,90.26408017,7.365338111,102.6958703,orange
21,17,15,23.98289638,91.5473145,7.455991072000001,118.4901697,orange
33,12,8,25.26052689,90.31153735,6.822282114,117.36952959999998,orange
6,9,12,31.08368929,90.14362642,7.028746406000002,109.6894658,orange
19,7,10,14.78003032,91.22062116,6.118430299,100.1961762,orange
24,18,6,26.56608303,94.45239715,6.285312759,116.3796525,orange
9,11,8,24.85903405,94.39000473,6.559236744,111.78037340000002,orange
31,8,7,34.51465139,93.63812684,7.163245982,103.5684926,orange
22,17,5,24.12188673,90.72351622,6.945562889,102.835632,orange
13,5,8,23.85340379,90.10522549,7.474710503,103.923226,orange
16,8,9,24.60297538,91.28408653,7.601189842999999,111.2948115,orange
4,13,6,15.63211033,94.25966183,7.5611432239999985,101.4705704,orange
0,25,14,19.33516809,91.97978938,6.361671475,116.450422,orange
8,7,10,28.2620488,91.98317355,6.929216014,105.2132259,orange
4,23,5,22.67594476,93.36348717,7.477935216,110.3332655,orange
33,14,8,21.03200078,92.9641969,7.684420446,110.6823944,orange
30,7,15,33.23453301,91.06053924,7.825531916,115.7659902,orange
21,29,12,22.30318989,92.15987039,6.438668989,117.3688104,orange
11,14,5,11.50322938,94.8933184,6.946354724,115.56837759999998,orange
9,8,15,14.34320488,94.35734702,7.994465371,110.22231229999998,orange
5,18,14,33.105698100000005,93.48447453,7.434118807000001,119.1709113,orange
29,25,14,30.49183837,90.4582865,7.781988584,113.3302105,orange
33,12,15,30.25578031,92.03272799,6.052318465,116.7173125,orange
8,16,6,12.22816189,90.26457428,7.106650373,108.4161706,orange
15,14,8,10.01081312,90.22399223,6.22094286,119.3941064,orange
16,7,8,22.79196751,90.60901895,6.420457311,116.5084074,orange
0,12,7,20.18432263,90.65458473,6.969249676,116.8130969,orange
5,25,6,30.72119881,94.01331956,6.0113021810000005,106.8118019,orange
6,8,11,24.35590861,92.39651663,6.600948787999999,119.6946577,orange
10,5,5,21.21306973,91.35349216,7.817846496,112.9834361,orange
1,17,6,10.78689755,91.38411917,6.8198271,117.5293447,orange
1,30,10,11.89925671,91.34663797,7.291405641,103.5771468,orange
0,23,15,22.56664172,93.37488907,7.598729065,109.8585753,orange
24,27,9,18.86883219,93.24688124,6.157135092000001,119.3936976,orange
36,11,13,17.34083741,93.04897191,7.1917274,112.7194284,orange
40,21,8,34.90665289,92.87820148,7.418761774,102.1906333,orange
40,22,6,24.53610067,91.90997228,6.488221135,115.9787989,orange
32,18,13,13.8377282,91.74780462,6.044167236,107.9873218,orange
9,10,10,22.3551049,93.52211892,6.010391864,101.5164589,orange
13,16,8,34.74004942,93.12316972,6.949838549,100.1967854,orange
15,9,11,11.54785707,94.14861001,7.907956251,108.82891709999998,orange
29,11,5,23.13338811,91.94670335,7.639788459,104.4224145,orange
1,15,9,29.98364695,94.55239717,7.53350946,115.3560318,orange
18,5,11,20.87947369,90.93756231,6.251586885,102.4550786,orange
14,22,9,17.24944623,91.13772765,6.543191814,112.50905159999998,orange
33,15,7,15.83388699,91.68293851,7.651225301,109.7571416,orange
4,6,7,23.01014302,91.11764246,6.708889665,112.6738296,orange
17,16,14,16.39624284,92.18151927,6.625538653,102.944161,orange
12,20,10,24.45132792,93.10527686,6.528354932,109.4711098,orange
34,29,8,31.87859192,91.15248149,6.450640306,105.3437825,orange
39,28,10,31.34920143,91.48247612,7.181907673,109.1549823,orange
31,25,12,18.05142392,90.03969587,7.016482298,111.7793889,orange
12,6,8,30.84835031,92.86773675,6.388617138,107.4142681,orange
12,29,13,22.45616931,91.52781832,7.57125447,118.0069295,orange
26,11,11,13.70319166,90.95589386,7.609348255,106.2944879,orange
19,24,15,20.48954522,93.72485075,7.137136973,111.83919509999998,orange
39,21,9,13.20844373,94.02769434,6.354022554,106.2696156,orange
16,29,13,32.31944397,93.67804556,6.196907944,117.6236473,orange
36,29,13,20.68185224,90.91510525,7.829507245,109.7513927,orange
37,23,12,31.52675982,90.50621806,6.395258356,113.1169398,orange
39,9,15,25.35467646,91.81183218,7.992041984,116.7555937,orange
31,5,14,17.66545409,91.69865887,6.583411671,110.6857506,orange
18,12,8,12.59093977,91.81668769,6.206053072,119.39167179999998,orange
20,20,10,11.86631922,93.68394562,6.976997772000001,106.060149,orange
5,8,5,11.03367937,92.22706805,6.562594972,112.7715925,orange
20,8,12,25.2990432,94.96419851,7.260416405,117.9733424,orange
25,21,11,32.23797837,90.15406807,6.460044777999999,104.7052254,orange
14,19,14,17.68408797,94.35815354,6.699164936,108.0638166,orange
37,18,12,10.2708877,90.19147747,7.401121811,106.69552040000002,orange
26,15,6,17.22034507,94.78797376,6.912033409,108.0054343,orange
13,22,5,19.667056,90.50096668,7.764040111,100.1737964,orange
32,25,9,10.35609594,93.75652041,7.796034006,101.1456947,orange
19,7,9,27.255435,91.71369387,6.969883482999999,101.139435,orange
28,7,9,34.591784600000004,92.13229786,6.730757538,115.5650287,orange
24,30,11,32.39523995,94.51768464,6.601395755,113.25373,orange
7,17,10,10.16431299,91.22320999,6.465913274,106.362551,orange
18,23,8,21.49118657,93.43949693,6.41354791,101.4819888,orange
7,20,12,16.53460397,94.76759975,6.475275337,110.0447896,orange
20,23,11,31.85206939999999,90.12220323,6.407715561,109.9455062,orange
18,14,11,28.04799508,90.00621688,6.550814117000001,117.1311498,orange
34,11,10,31.75048899,94.59551226,7.36220835,115.1989301,orange
20,29,10,29.07412717,93.27189064,7.36549204,100.7896871,orange
37,24,13,19.14381903,90.71037456,7.8546243,108.0230792,orange
12,8,10,16.14820285,91.4448027,7.995848977,107.4287664,orange
34,10,14,34.05296914,92.05811721,6.725600855,116.8020848,orange
6,13,9,34.51423957,90.56151463,7.786725333,118.32719679999998,orange
27,30,5,32.71748548,90.54608254,7.656978112000001,113.328978,orange
13,8,12,25.16296632,92.54736032,7.105904818,114.3117197,orange
6,7,7,27.68167318,94.47316879,7.199106204,113.9995146,orange
40,17,15,21.35093384,90.9492967,7.871063004,107.0862095,orange
31,26,9,11.69894639,93.25638873,7.566165721,103.2005992,orange
18,30,29,26.762749300000007,92.86056895,6.4200187170000005,224.5903664,coconut
37,23,28,25.61294367,94.3138837,5.7400545670000005,224.3206759,coconut
13,28,33,28.130115000000004,95.64807631,5.686972967000001,151.0761899,coconut
2,21,35,25.02887163,91.53720922,6.293662362999999,179.8248944,coconut
10,18,35,27.79797651,99.64573002,6.381975465,181.6942283,coconut
7,11,32,29.25902906,95.11294697,5.5421691389999985,184.7624496,coconut
39,5,31,27.10134661,93.69979946,5.551963184,150.9502632,coconut
34,6,27,25.84726298,90.92669463,5.8607404810000014,147.8888994,coconut
31,30,29,26.58580443,90.98617591,5.558807063,178.8116076,coconut
25,7,35,28.38503882,99.18843684,5.55771171,189.67113490000003,coconut
16,18,26,28.43647052,91.81320717,5.568365926,145.54144130000003,coconut
26,10,33,28.27298134,96.93649473,6.07071786,198.8234862,coconut
27,8,32,27.00648436,96.46168931,5.627860548999998,144.3331315,coconut
37,18,30,27.63551259,99.34854917,6.38488418,157.91715369999997,coconut
19,15,34,26.29644905,99.65809151,5.6858890660000005,215.9195049,coconut
0,19,33,27.1326009,95.23797989,6.234458417000001,204.7206567,coconut
31,20,26,25.56567803,97.61361544,6.443168642000001,199.7936345,coconut
9,17,32,25.94951662,93.40548703,5.842317989,172.0540491,coconut
22,11,29,28.03380598,95.01630593,5.955742971,218.0055713,coconut
31,6,26,29.12859129,91.30924833,5.741367375,157.2388553,coconut
34,6,30,27.0828252,97.00155491,5.948342571,171.7575545,coconut
24,6,32,28.11321494,90.01734526,6.387067562,172.48136409999995,coconut
1,8,26,27.5136304,94.18955816,5.562911913,156.6732553,coconut
31,13,33,27.63834933,95.48763389,5.85971872,205.5463111,coconut
10,9,28,29.01256899,94.01014388,6.282955072999999,150.05003119999995,coconut
36,27,26,26.58413917,95.78923137,6.25449571,171.6262299,coconut
38,24,33,28.28905147,97.00396405,5.973853124,142.9403233,coconut
11,6,25,28.69164799,96.65248672,6.081568052000001,178.9635457,coconut
16,14,30,29.70931288,96.30484325,6.37466756,209.84539930000005,coconut
33,14,35,27.14865285,96.66355213,6.027707171,149.2433497,coconut
16,6,29,29.28725038,91.95614918,5.868285082000001,132.1491176,coconut
32,11,31,25.06871967,93.31410447,6.205931637999999,134.84190690000003,coconut
38,14,30,26.92449525,91.20106019,5.5707453860000005,194.9022136,coconut
8,6,33,28.27804288,93.64761266,6.095261012999999,171.9457959,coconut
23,6,33,29.18032562,92.73041222,6.025789594,204.9603677,coconut
29,25,35,28.3575072,91.64509299,5.542873799,160.73069909999995,coconut
24,14,33,29.38072512,93.27565685,6.366219551,218.5241851,coconut
32,12,30,25.39241091,98.08951196,5.579845008,218.080385,coconut
30,25,31,26.31270635,98.62048026,5.804965067,208.1181381,coconut
14,21,35,29.52501367,91.91185319,6.121005506,194.3100272,coconut
27,22,29,28.83214859,92.17170353,6.000248647,145.41723869999996,coconut
40,5,29,28.48444906,97.76865458,5.820978791,160.389421,coconut
17,11,32,28.74013335,93.39676499,5.620733794,156.76508230000005,coconut
30,30,35,25.00872392,95.59224018,6.001936419,165.8092179,coconut
28,10,30,29.8690834,91.14723422,6.305740522000001,192.7678575,coconut
39,7,29,27.54273211,94.59086121,6.362544111,150.2012138,coconut
32,20,35,26.52166434,98.38227669,5.588655387,144.6261698,coconut
7,15,32,25.03512351,95.89739958,6.182232762000001,174.796583,coconut
29,17,29,29.20394909,95.66997327,5.959493188,211.2506267,coconut
34,15,34,27.05826457,91.10510371,5.677282677999999,224.70069530000004,coconut
14,23,25,26.18552389,96.96637916,5.6121227970000005,135.4186222,coconut
18,19,29,27.59376845,92.48519606,6.206077742000001,162.8432736,coconut
7,21,35,25.76011662,94.65830608,5.764812076,131.24514140000002,coconut
24,27,34,28.87862994,95.11320315,6.203376525,145.0583117,coconut
39,29,29,26.50908611,94.48414544,6.143662699,199.8778403,coconut
29,8,28,26.87037587,91.72546257,6.100429497,214.4128874,coconut
10,24,27,27.57283516,94.90485697,5.7084096010000005,145.9298935,coconut
0,29,32,28.05912437,98.3670985,5.868255858,171.65163959999995,coconut
32,11,31,29.51611558,92.56492864,6.461225827000001,131.2116167,coconut
37,10,32,28.96318258,95.16333673,6.165084855,222.803013,coconut
20,29,27,25.09897688,92.36099489,6.047044342,157.7592626,coconut
31,29,35,27.1872282,92.19906776,6.137102505,141.3220576,coconut
17,30,27,29.03065024,90.79093862,5.894027065,205.5720367,coconut
1,12,30,27.754298,95.94643831,5.56222383,131.09000759999998,coconut
6,13,29,27.31155708,99.96906006,5.832608027999999,201.8258633,coconut
15,28,32,28.84270971,99.64328526,6.2185718739999984,224.4016682,coconut
27,24,29,26.61423461,96.97300803,6.142010637,191.006688,coconut
3,23,30,29.70143197,95.65754365,6.078807239,215.1968037,coconut
8,26,26,25.54759871,91.64194826,5.702484758,212.867626,coconut
20,28,26,26.37978453,91.49882979,5.547594847,167.0470997,coconut
26,18,27,27.45907759,92.90736493,5.836075368,142.1430003,coconut
1,6,35,27.02269204,95.71935435,6.231662767,147.16824590000004,coconut
27,30,31,28.98545306,90.73966792,5.718120393,148.8398374,coconut
23,7,34,26.1055118,91.52421214,5.852038202,134.1279669,coconut
0,26,31,25.0707247,95.02156793,5.547933273,192.9036306,coconut
38,6,25,25.54963273,96.92786777,6.156259104,191.2996157,coconut
25,12,26,28.56973521,95.67906668,6.436314406,134.83703480000003,coconut
40,5,32,26.07010807,96.7036223,5.981169595,143.533473,coconut
0,19,31,25.51791333,94.38420565,6.271952832999999,178.7297725,coconut
26,9,32,25.9490364,94.73860514,6.470465614,144.15711090000005,coconut
35,30,34,28.2974764,95.41122824,6.141502001,182.4482352,coconut
19,30,30,29.56549169,91.40896307,5.826381164,224.83157290000003,coconut
31,13,33,29.69952329,95.21224392,6.342463714,148.30036919999995,coconut
17,29,26,26.14162144,93.28415295,6.071897347,195.4115025,coconut
2,30,30,26.00175125,94.79998418,6.331051715,209.540094,coconut
30,13,25,27.15116142,91.48889469,6.413184638,164.9182225,coconut
8,15,33,28.97318719,98.09861043,5.50158009,213.9011021,coconut
18,12,35,26.13958446,96.38580769,6.338720873,131.3387935,coconut
8,28,30,25.51618488,94.33465411,6.015672239,135.1272491,coconut
40,22,29,27.55821802,99.98187601,5.735364307,174.62564809999995,coconut
27,10,33,27.81132822,97.48410555,6.465906333,154.06212209999995,coconut
21,20,31,25.60033702,99.7240104,5.855457599,165.82487319999996,coconut
3,9,35,26.91641934,99.84671638,6.318552972999999,225.6323656,coconut
22,16,27,29.1797902,90.27214288,6.006784979,188.9252083,coconut
27,8,30,26.44600063,98.29937782,6.008386282999999,221.2258168,coconut
22,8,33,28.43572863,95.8840407,5.665785202,203.9283708,coconut
28,27,32,28.94099669,93.00109012,5.764615485,191.7723087,coconut
23,21,26,26.45488737,93.45042636,5.9014955439999985,149.2220255,coconut
37,5,34,25.79490531,93.84150618,5.779032666,152.42387119999995,coconut
19,26,29,26.93141945,98.80313612,5.67154928,166.5712879,coconut
91,21,26,26.33377983,57.36469955,7.261313694,191.6549412,coffee
107,21,26,26.45288458,55.32222678,7.235070264,144.68613359999995,coffee
83,38,35,25.70822684,52.88667115,7.18915558,136.73250919999998,coffee
108,24,31,24.12832546,56.18107663,6.431899747999999,147.27578180000003,coffee
116,28,34,23.44372334,60.39523266,6.42321105,122.2103248,coffee
116,23,25,23.4123707,52.26994674,6.869720196,139.3670753,coffee
109,31,27,23.05951896,50.40609436,6.973839707000001,164.4971875,coffee
89,25,34,23.07895447,63.65861483,7.184801627000001,129.8765443,coffee
118,18,32,27.6496114,51.11044023,6.351823783,122.8392822,coffee
111,32,34,25.46743689,69.35161206,6.392048018,171.37644619999998,coffee
84,36,28,26.7350622,55.55164819,6.119892347,140.63052130000003,coffee
85,33,25,26.20811417,52.50987966,6.910823945,189.0944824,coffee
99,15,27,27.0424167,57.27927475,6.501157208,165.6872119,coffee
81,30,31,24.65090184,51.93952357,7.0275855589999985,135.1386537,coffee
95,39,29,27.35152643,55.99375012,7.13411409,148.98125249999995,coffee
81,34,30,25.17787724,62.26244581,6.6477659970000005,135.0119649,coffee
80,15,28,23.11438731,68.00096043,6.703270635,161.8944624,coffee
104,20,26,27.22783677,52.95261751,7.493191968,175.7260273,coffee
109,29,28,23.26316991,60.51600210000001,6.724688502999999,194.1755471,coffee
100,32,26,25.234661,57.53161469,6.043485685,124.2261737,coffee
100,24,28,25.59535262,57.72920846,7.101661011,195.7733251,coffee
83,21,28,25.5674832,60.49244602,7.466900682999999,190.2257843,coffee
120,23,28,25.67324193,51.29043632,6.877799264,196.2736367,coffee
104,26,30,24.40726724,62.65692638,6.410992833,148.6977358,coffee
108,33,31,23.69287069,66.76090123,7.393825704,144.6576424,coffee
91,25,26,24.53460016,66.99765375,7.482414225,180.5059257,coffee
86,26,27,27.13140403,52.89368299,6.081172981,192.4280381,coffee
98,18,27,27.56088634,68.49299897,6.516312148,167.43580749999995,coffee
111,27,31,23.59302313,55.27564977,6.0433309510000015,191.3980675,coffee
84,39,35,23.17714381,52.13864034,6.959404135,117.3113562,coffee
98,27,27,24.71384065,51.29142534,7.238109556,197.6439711,coffee
118,21,34,24.38534644,64.72543073,7.234258375,119.6324109,coffee
103,27,31,27.15998538,51.59100753,6.691541233,126.1752206,coffee
82,24,33,26.53543168,67.09608099,6.809593554,120.6494434,coffee
86,31,35,27.01207284,60.76645256,6.485761419,191.4508931,coffee
88,35,35,27.55906475,58.45742907,6.784460602,117.9389993,coffee
84,27,29,23.32293161,53.00366334,7.167092586,168.26442869999997,coffee
120,40,33,24.23850608,54.30329632,6.73410539,115.1564012,coffee
106,40,30,23.42611644,64.10651528,6.779984384,122.6847408,coffee
113,21,33,26.02241444,55.83288958,7.277422737999999,176.90209240000004,coffee
117,34,25,24.83846178,56.7685316,7.21270048,124.4135035,coffee
80,30,25,26.24092174,65.64381357,7.487266991,148.37712019999995,coffee
88,21,27,24.43011925,66.02411187,7.231166546,181.6368274,coffee
113,33,34,26.00373964,62.144510200000006,6.559817161000002,153.477776,coffee
87,23,28,26.22367404,62.26594559,6.979590627,193.7461968,coffee
113,15,29,27.09617155,63.55324262,6.779230041,190.2440566,coffee
98,29,30,25.64004392,61.03273481,6.217974349,199.4735636,coffee
97,29,27,27.74576987,54.36976075,7.205078785,139.8619431,coffee
85,35,32,26.24928198,54.28617819,6.854011265,133.1120232,coffee
82,29,35,26.67377159,52.24226285,6.246872394,156.15438980000005,coffee
103,33,25,27.10210397,55.74973320000001,6.911066044,139.5013171,coffee
112,17,28,27.62975458,61.26002598,6.777417989,196.6492664,coffee
99,19,33,27.536454700000004,55.51673151,6.273741983,130.6377143,coffee
120,20,34,23.56960509,50.56339727,6.906124587000001,130.3797119,coffee
114,27,28,24.99451759,57.93250202,7.162802357,192.8736822,coffee
100,40,35,27.56441788,54.41094079,6.9557873510000015,177.816092,coffee
108,35,25,23.98143338,61.10935084,6.971963169,161.5279095,coffee
115,31,30,24.22984659,67.37768353,6.840927967000001,122.4073418,coffee
87,28,30,25.60153969,68.66257977,6.536676653,168.8383605,coffee
82,24,26,24.31274458,53.57285558,6.089443602999999,184.4103931,coffee
94,26,27,26.36629861,52.25738495,7.456460375,177.31761609999995,coffee
87,28,35,26.5602777,57.1621814,6.759211911,152.0616227,coffee
118,40,35,26.35034208,58.50650238,7.460174812000001,121.5586297,coffee
87,38,29,25.20406808,57.88370456,6.652642579,156.1457255,coffee
92,40,30,23.35723208,55.18792166,6.026287448,171.6976946,coffee
97,22,26,23.60567546,59.68849145,6.074190142000001,185.1568059,coffee
99,40,32,24.18471151,69.94807345,7.0455430560000005,163.27087319999995,coffee
89,28,33,26.44414097,53.83876189,6.9932360010000005,175.3723314,coffee
112,39,29,26.12492233,63.37479229,6.726528895,147.8035305,coffee
111,28,26,27.77363343,64.47858698,6.937352845,192.7121236,coffee
114,20,26,25.55656667,62.67087838,7.27905689,193.5866233,coffee
117,26,30,27.92374437,67.96910852,7.079850922,115.2325531,coffee
111,29,31,26.05968403,52.31098539,6.136286518,161.3432535,coffee
119,30,28,26.35770906,64.57578034,6.5052036960000015,163.62694960000005,coffee
116,40,33,24.91370487,54.15319242,7.042089492000001,129.5481144,coffee
95,37,35,27.31317116,68.42333909999999,6.348337518999998,192.4288139,coffee
86,40,33,26.1387869,52.26311691,7.432322234,136.3027766,coffee
117,37,32,23.1069385,67.06230539,6.787658922,162.57696059999995,coffee
105,18,35,23.52648086,68.44030686,6.743417121,171.8839938,coffee
109,23,25,25.11711046,68.48030408,7.00733163,194.8773479,coffee
80,18,31,24.02952505,58.84880599,7.303033217,134.6803969,coffee
101,31,26,26.70897548,69.71184111,6.861235184,158.86088869999998,coffee
103,33,33,26.71717393,50.50148528,7.131435858,126.8073984,coffee
93,26,27,24.59245684,56.46829641,7.288211994,137.70440469999997,coffee
104,35,28,27.51006055,50.66687215,6.983732393,143.9955548,coffee
116,36,25,27.57847581,58.52534263,6.172090205,156.6810374,coffee
107,38,29,26.65069302,57.56695719,6.35118177,145.105065,coffee
101,33,33,26.97251562,62.0183627,6.9086713789999985,142.8610793,coffee
107,31,31,23.17124551,52.97841162,6.766184468,153.12016440000005,coffee
99,16,30,23.52652084,65.44340921,6.392791654,186.1728203,coffee
103,40,30,27.30901814,55.196224,6.3483162570000005,141.48316440000005,coffee
118,31,34,27.54823036,62.88179198,6.123796057000001,181.4170812,coffee
106,21,35,25.627355,57.04151119,7.4285236339999985,188.5506536,coffee
116,38,34,23.29250318,50.04557009,6.020947179,183.468585,coffee
97,35,26,24.91461008,53.74144743,6.334610249,166.2549307,coffee
107,34,32,26.77463708,66.4132686,6.78006386,177.7745075,coffee
99,15,27,27.41711238,56.63636248,6.086922359,127.92461000000002,coffee
118,33,30,24.13179691,67.22512329,6.362607851,173.32283859999995,coffee
117,32,34,26.2724184,52.12739421,6.758792552,127.1752928,coffee
104,18,30,23.60301571,60.39647474,6.779832611000002,140.9370415,coffee
